setting	n	pearson	spearman	r2	mean_best_iter
seq_plus_mouse_pc1__ortholog_highconf	11389	0.8357636095004451	0.8279894907705484	0.6979668140411377	660.8
seq_plus_mouse_pc1__ortholog_all	11569	0.8339632611006014	0.8252701083172972	0.6951303482055664	711.4
seq_plus_saluki_mouse_prior__ortholog_highconf	11239	0.8311331457586676	0.820469100099717	0.6900424957275391	492.2
seq_plus_saluki_mouse_prior__ortholog_all	11423	0.8296062208512011	0.8194859307090218	0.6875424981117249	547.6
seq_only__ortholog_all__mouse_pc1_table	11569	0.730988477506404	0.7205033181981163	0.5329172611236572	1214.8
seq_only__ortholog_highconf__mouse_pc1_table	11389	0.7296018717086739	0.7191524816489643	0.5308628082275391	985.6
