setting	n	pearson	spearman	r2	mean_best_iter
compact_all_plus_mouse_pc1__ortholog_highconf	11389	0.8366377879405915	0.8282110791695646	0.6994714140892029	598.8
compact_all_plus_mouse_pc1__ortholog_all	11569	0.83542309374254	0.8273539891145332	0.6974480748176575	680.8
compact_all_plus_saluki_mouse_prior__ortholog_highconf	11239	0.8328815813436372	0.8218957736309297	0.6930789351463318	634.6
compact_all_plus_saluki_mouse_prior__ortholog_all	11423	0.8303433938690524	0.8203981150483572	0.6887918710708618	597.6
compact_all__ortholog_highconf	11389	0.740472622403934	0.7312355033518041	0.545937716960907	1444.6
compact_all__ortholog_all	11569	0.7388363072037006	0.7295369674578217	0.5436927080154419	1356.8
