target	model	gene_universe	n	pearson	spearman	r2	mean_best_iter	sec
saluki_human_pc1	xgb_cuda	common	12916	0.7336356897582843	0.7250895610598255	0.537135660648346	596.4	9.5
human_pruned_pc1	xgb_cuda	common	12916	0.7281467984564518	0.7193338862926193	0.5293503999710083	908.2	12.6
human_full_pc1	xgb_cuda	common	12916	0.7078472188753462	0.7000749293079656	0.5001845359802246	646.6	9.5
