max_depth	learning_rate	min_child_weight	subsample	colsample_bytree	reg_alpha	reg_lambda	pearson	spearman	r2	mean_best_iter	sec
6	0.02	4	0.9	0.75	0.0	1.0	0.7372161217669273	0.7275595035720267	0.5423911809921265	1239.2	17.0
6	0.03	3	0.9	0.7	0.0	1.0	0.7357370423570087	0.725914260044665	0.5404252409934998	988.8	13.8
6	0.03	5	0.9	0.8	0.0	1.5	0.7337585156646955	0.7236688966444478	0.5374085307121277	702.2	10.8
6	0.03	4	0.85	0.7	0.0	1.0	0.7337434556954731	0.7252178436845934	0.5373235940933228	701.2	10.9
7	0.03	4	0.85	0.7	0.0	1.0	0.7321822483773074	0.723872848640177	0.5344215035438538	799.2	19.3
