setting	n	n_features	pearson	spearman	r2	mean_best_iter
compact_all	13532	1802	0.7262732290408835	0.717746670015689	0.5259116888046265	1245.8
compact_deepripe	13532	703	0.7227123725943476	0.7135365000927176	0.5208584666252136	843.0
compact_cwcs	13532	845	0.7221492473691392	0.7130850897875987	0.5204817652702332	1186.2
compact_seqweaver	13532	1306	0.7183396646999394	0.7088182809758574	0.5146913528442383	1012.2
compact_base	13532	526	0.7180430198351303	0.708469915632577	0.5145546197891235	948.2
